{"SimpleCNN": {"train_loss": [0.6095650533438373, 0.5607737558440009, 0.5483931546251772, 0.5340252530716332, 0.4941753719916745, 0.42673997380828543, 0.34279142874868507, 0.25998596523935635, 0.162006733008684, 0.10333831736212508], "train_acc": [0.7158121964382083, 0.71958985429034, 0.7237992444684296, 0.7281165677280086, 0.7543443065299514, 0.8020507285483001, 0.8549379384781436, 0.8937938478143551, 0.9355639503507825, 0.9615758229897463], "val_loss": [0.5751604387664465, 0.5769842281956893, 0.5634011421473211, 0.5802050390581042, 0.5172063877832597, 0.5186344373570879, 0.5094986354733625, 0.5833832470826358, 0.6735546385928068, 1.1593531179026793], "val_acc": [0.7047906776003453, 0.7086750107898144, 0.7151488994389297, 0.7142857142857143, 0.7414760466119983, 0.7652136383254208, 0.7673716012084593, 0.788088044885628, 0.808372895986189, 0.8040569702201122], "precision": [0.4967298992323539, 0.7102951747348413, 0.68713100547369, 0.7026147676114387, 0.7228485183706718, 0.7555721606323889, 0.7641053273971999, 0.7859521273043504, 0.8024355939705285, 0.7976179436580274], "recall": [0.7047906776003453, 0.7086750107898144, 0.7151488994389297, 0.7142857142857143, 0.7414760466119983, 0.7652136383254208, 0.7673716012084593, 0.788088044885628, 0.808372895986189, 0.8040569702201122], "f1": [0.582745912162716, 0.596270132653851, 0.6340294290733779, 0.6186671552539978, 0.7035652578530669, 0.7359633227821842, 0.7655508517039715, 0.7869205619837416, 0.8036631329234197, 0.7910092154426049]}, "CheXNet-inspired": {"train_loss": [0.5365785332769557, 0.48534661766264287, 0.4663800431533048, 0.44961653137876095, 0.4296359189445755, 0.41502415563889083, 0.4073305090665174, 0.38715231256490135, 0.373965350464107, 0.3515626899467824], "train_acc": [0.7351322180248246, 0.7692390717754992, 0.7787371829465731, 0.786184565569347, 0.7998920669185106, 0.8083108472746897, 0.8153264975715057, 0.8267674042093902, 0.8360496492174851, 0.846195358877496], "val_loss": [0.5322021262677621, 0.5352183807035125, 0.5954765908976387, 0.4442674658346855, 0.5287297043143854, 0.48668969572748044, 0.4157956913853186, 0.40125662124409056, 0.3968158969732004, 0.40267185345259937], "val_acc": [0.7686663789382823, 0.7514026758739749, 0.6996115666810531, 0.7889512300388434, 0.760897712559344, 0.7829089339663358, 0.8157099697885196, 0.8243418213206732, 0.8234786361674579, 0.8105308588692275], "precision": [0.765395680727799, 0.7496033165062432, 0.7710611224710173, 0.7839630646746373, 0.7732691650060897, 0.7892496060674149, 0.8200532447834332, 0.8193854949780692, 0.825665687343784, 0.8037003337150826], "recall": [0.7686663789382823, 0.7514026758739749, 0.6996115666810531, 0.7889512300388434, 0.760897712559344, 0.7829089339663358, 0.8157099697885196, 0.8243418213206732, 0.8234786361674579, 0.8105308588692275], "f1": [0.7348802139836123, 0.7034225550160318, 0.7127342802325727, 0.7676866364690146, 0.711952552399869, 0.7502936345845982, 0.8174928391411332, 0.8201721734857367, 0.8244511746697053, 0.802963008060479]}, "X-RayGAN-inspired": {"train_loss": [0.5812736217035066, 0.5412615287226725, 0.49292137252555884, 0.3850443711046972, 0.21260907103132137, 0.07054599615289386, 0.025558411223916673, 0.008191263189418563, 0.00992044165446401, 0.02809461994186981], "train_acc": [0.7161359956826767, 0.7242309767943875, 0.749487317862925, 0.8245008094981112, 0.9140852671343767, 0.9754991905018888, 0.9915812196438208, 0.9973016729627631, 0.9973016729627631, 0.9914732865623314], "val_loss": [0.5717708941004016, 0.5852084261207268, 0.5248036999279536, 0.4897930365494731, 0.5703650530062722, 0.9513127885350494, 1.1507032742055778, 1.4851496733940517, 1.7165274718417805, 1.25356816631944], "val_acc": [0.7047906776003453, 0.7000431592576608, 0.7475183426845058, 0.7885196374622356, 0.7889512300388434, 0.8044885627967199, 0.8040569702201122, 0.7850668968493741, 0.816573154941735, 0.7932671558049201], "precision": [0.4967298992323539, 0.6637032867982311, 0.7292877951370187, 0.7791759366652433, 0.786194330712362, 0.7989637016342518, 0.7990485366382979, 0.7818580674986967, 0.8103447655563171, 0.7895643212963948], "recall": [0.7047906776003453, 0.7000431592576608, 0.7475183426845058, 0.7885196374622356, 0.7889512300388434, 0.8044885627967199, 0.8040569702201122, 0.7850668968493741, 0.816573154941735, 0.7932671558049201], "f1": [0.582745912162716, 0.6659727351241577, 0.7198597730257492, 0.7790310567793716, 0.7873983258131021, 0.8004917799897597, 0.800624897910235, 0.7832324193951226, 0.8094816430918929, 0.7910558825027748]}, "CheXpert-inspired": {"train_loss": [0.5415703820107888, 0.4715476736402229, 0.43949128838886264, 0.4200701855480896, 0.3952438067309096, 0.36826288178844574, 0.3288346984344788, 0.2914898165917306, 0.23536711785272849, 0.1770132476792616], "train_acc": [0.7365353480841879, 0.7671883432271991, 0.7921208850512682, 0.8086346465191582, 0.8157582298974636, 0.8345385860766324, 0.8587155963302753, 0.8756610901241231, 0.9039395574743659, 0.9316783594171614], "val_loss": [0.4658239932990455, 0.4576649862756799, 0.4516619747190266, 0.4338136587515441, 0.4876779877372893, 0.39742752967541417, 0.38701500884149936, 0.39858894365894726, 0.419429009903285, 0.4879670387514202], "val_acc": [0.7738454898575744, 0.7699611566681053, 0.7781614156236513, 0.8023305999136815, 0.8105308588692275, 0.8195943029779887, 0.8325420802762192, 0.8334052654294346, 0.835563228312473, 0.8213206732844195], "precision": [0.7622953006037442, 0.783789895206162, 0.7754880783416898, 0.7975526478962044, 0.8051475982893257, 0.8237704639038775, 0.8277837323043061, 0.8449030397223984, 0.8330177675151129, 0.8301177837990149], "recall": [0.7738454898575744, 0.7699611566681053, 0.7781614156236513, 0.8023305999136815, 0.8105308588692275, 0.8195943029779887, 0.8325420802762192, 0.8334052654294346, 0.835563228312473, 0.8213206732844195], "f1": [0.7550669907288076, 0.7748164840389259, 0.7766840169143553, 0.7862574433428978, 0.7981353458722039, 0.821306552222354, 0.8263329791880379, 0.8368973983743027, 0.8339634256169992, 0.8243607404473191]}}