ImageId,EncodedPixels
1.2.276.0.7230010.3.1.4.8323329.388.1517875162.713279, 
1.2.276.0.7230010.3.1.4.8323329.11165.1517875231.492575,
1.2.276.0.7230010.3.1.4.8323329.2131.1517875171.300904, 
1.2.276.0.7230010.3.1.4.8323329.3335.1517875177.319000, 
1.2.276.0.7230010.3.1.4.8323329.1805.1517875169.650570, 
1.2.276.0.7230010.3.1.4.8323329.32260.1517875159.278237,
1.2.276.0.7230010.3.1.4.8323329.1172.1517875166.624365, 
1.2.276.0.7230010.3.1.4.8323329.1723.1517875169.107832, 
1.2.276.0.7230010.3.1.4.8323329.32459.1517875160.716198,
1.2.276.0.7230010.3.1.4.8323329.4461.1517875182.971843, 
1.2.276.0.7230010.3.1.4.8323329.4461.1517875182.971843, 
1.2.276.0.7230010.3.1.4.8323329.4461.1517875182.971843, 
1.2.276.0.7230010.3.1.4.8323329.32730.1517875162.25023, 
